ID	gene	h0_r	h0_alpha	h0_sigma	h0_theta	h1_r	h1_alpha	h1_sigma	h1_theta_0	h1_theta_1	h0	h1	lrt	p	q	signif
1	Gene_2	31.222189	2.2430928	5.8229127	2.2936127185821533	291.4214	3.235232	6.5297766	1.7402163743972778	5.128106117248535	-103.47402	-107.77165	8.595261	0.003370389759632886	0.01685194879816443	True
2	Gene_3	21.119925	3.1762795	7.590352	2.518568515777588	163.30486	3.7852864	8.206428	2.1164002418518066	4.572323799133301	-180.93057	-183.53964	5.2181396	0.022352451287610542	0.055881128219026355	False
0	Gene_1	104.97992	4.973459	6.796831	-0.25467246770858765	406.29	4.8958807	6.787843	-0.2537829875946045	-0.3237916827201843	155.09094	154.47137	1.2391357	0.2656376824048391	0.44272947067473184	False
3	Gene_4	223.17308	3.818445	6.132153	0.372603178024292	951.14355	3.8528376	6.1250286	0.2534883916378021	0.9615788459777832	147.91107	147.55406	0.7140198	0.39811256511956794	0.4976407063994599	False
4	Gene_5	26.708172	3.2220507	6.1204686	1.4459774494171143	27.040173	3.1889076	6.078842	1.3817858695983887	1.7916388511657715	51.91812	52.033337	-0.2304306	1.0	1.0	False
