ID	gene	h0_r	h0_lambda	h0_mu	h0_sigma	h1_r	h1_lambda	h1_mu	h1_sigma	h0	h1	lr	p	signif	q
2	Gene_2	1096.6332	0.0	2.318212	2.5663881	1096.6332	0.66550696	2.409041	2.864113	-86.77192	-112.794014	52.04419	0.0	True	0.0
3	Gene_3	21.575691	0.0	2.7411923	2.7395968	17.771303	0.5901245	2.522321	2.9236987	-168.27408	-182.87775	29.207336	5.9604645e-08	True	1.4901161193847656e-07
5	Gene_5	17.829926	0.0	1.700987	1.5017918	18.11483	0.62061	1.4224589	2.4217303	57.59241	46.499527	22.185768	2.503395e-06	True	4.172325134277344e-06
4	Gene_4	973.2741	0.0	0.36772615	1.9128746	950.1232	0.6552147	0.32480386	2.3799953	155.79878	146.2002	19.197174	1.180172e-05	True	1.475214958190918e-05
1	Gene_1	974.9728	0.0	0.0005096603	1.7032053	377.8129	0.6042661	-0.2916298	2.421282	159.23042	154.9206	8.619659	0.003325522	True	0.003325521945953369
